Name,Term,ES,NES,NOM p-val,FDR q-val,FWER p-val,Tag %,Gene %,Lead_genes
prerank,R-HSA-9679506,-0.8333333333333333,-1.080508474576271,4.313725e-01,4.313725e-01,2.745098e-01,1/1,30.77%,P0DTC2
prerank,map04064,-0.8333333333333333,-1.080508474576271,4.313725e-01,4.313725e-01,2.745098e-01,1/1,30.77%,P0DTC2
