Name,Term,ES,NES,NOM p-val,FDR q-val,FWER p-val,Tag %,Gene %,Lead_genes
prerank,R-HSA-9679506,0.5833333333333334,0.7813211845102507,1.000000e+00,1.000000e+00,4.900000e-01,1/1,46.15%,P0DTC2
prerank,map04064,0.5833333333333334,0.7813211845102507,1.000000e+00,1.000000e+00,4.900000e-01,1/1,46.15%,P0DTC2
