Name,Term,ES,NES,NOM p-val,FDR q-val,FWER p-val,Tag %,Gene %,Lead_genes
prerank,map03010,0.7777777777777778,0.9843749999999996,6.444444e-01,6.444444e-01,2.900000e-01,1/1,30.00%,O91741
prerank,R-HSA-1640170,0.7777777777777778,0.9843749999999996,6.444444e-01,6.444444e-01,2.900000e-01,1/1,30.00%,O91741
